visible,sortOrder,name,priceText,image,imagePath
TRUE,10,coming soon...,￥...,,
TRUE,20,coming soon...,￥...,,
TRUE,30,coming soon...,￥...,,
TRUE,40,coming soon...,￥...,,
TRUE,50,coming soon...,￥...,,
TRUE,60,coming soon...,￥...,,
TRUE,70,coming soon...,￥...,,
TRUE,80,coming soon...,￥...,,
TRUE,90,coming soon...,￥...,,
TRUE,100,coming soon...,￥...,,
TRUE,110,coming soon...,￥...,,
TRUE,120,coming soon...,￥...,,
TRUE,130,coming soon...,￥...,,
TRUE,140,coming soon...,￥...,,
TRUE,150,coming soon...,￥...,,
TRUE,160,coming soon...,￥...,,
TRUE,170,coming soon...,￥...,,
TRUE,180,coming soon...,￥...,,
TRUE,190,coming soon...,￥...,,
TRUE,200,coming soon...,￥...,,
